{"languaje":"ES","educationalActivity":{"Name":"E-Basura","Goal":"Trabajaremos  en la clasificación de  materiales RAEE (Residuos de Aparatos Eléctricos y Electrónicos) para identificar aquellos que son recibidos por el programa de la UNLP llamado:E-Basura ","Code":"EN","taskToRecolect":["guardar información","ver información","elementos auxiliares"]},"taskToRecolectDefinition":[{"name":"Elementos para guardar información","description":"Recolectar aquel o aquellos elementos que pueden ser usados para  GUARDAR información ","consigna":"Recolectar aquel o aquellos elementos que pueden ser usados para  GUARDAR información ","code":"guardar información","extras":[{"title":"Disquete","content":"Soporte de almacenamiento de datos de tipo magnético, formado por una fina lámina circular (disco) de material magnetizable y flexible, encerrada en una cubierta de plástico, cuadrada o rectangular, que se utilizaba en la computadora."},{"title":"Pendrive o Memoria USB","content":"Es un tipo de dispositivo de almacenamiento de datos que utiliza circuitos de estado sólido para guardar datos e información"},{"title":"Disco Externo","content":"Es una unidad de disco duro que es fácil de instalar y transportar de una computadora a otra, sin necesidad de consumir constantemente energía eléctrica o batería."},{"title":"Casette de cinta","content":"Es un formato de grabación de sonido o vídeo en cinta magnética que fue ampliamente utilizado entre principios de los años 1970 y principios de la década de 1990 y regularmente hasta principios de los 2000."},{"title":"Cámara de fotos","content":"Es un dispositivo utilizado para capturar imágenes o fotografías."},{"title":"Smartphone","content":"Es un tipo de ordenador de bolsillo con las capacidades de un teléfono móvil\n"}],"elements":["pendrive o Memoria usb_t1","disquete_t1","disco externo_t1","casette de cinta_t1","cámara de fotos-t1","cpu_t1","smartphone_t1"],"validElements":["pendrive o Memoria usb_t1","disquete_t1","disco externo_t1","casette de cinta_t1","cámara de fotos-t1","cpu_t1","smartphone_t1"]},{"name":"Elementos para ver información (mediante pantalla)","description":"Recolectar aquel o aquellos elementos que pueden ser usados para  VER información (mediante pantalla)","consigna":"Recolectar aquel o aquellos elementos que pueden ser usados para  VER información (mediante pantalla)","code":"ver información","extras":[{"title":"Monitor","content":"es el principal dispositivo de salida (interfaz), que muestra datos o información al usuario."},{"title":"Cañon o Proyector","content":"Pes un aparato óptico que recibe una señal de vídeo y proyecta la imagen correspondiente en una pantalla de proyección usando un sistema de lentes, permitiendo así mostrar imágenes fijas o en movimiento. "},{"title":"Impresora a tinta","content":"permite producir una gama permanente de textos o gráficos de documentos almacenados en un formato electrónico, imprimiéndolos en medios físicos, normalmente en papel, utilizando cartuchos de tinta"},{"title":"Reproductor de DVD","content":"dispositivo o aparato electrónico utilizado para reproducir discos DVD y CD."},{"title":"Tablet","content":"es una computadora portátil de mayor tamaño que un teléfono inteligente o un PDA, integrada en una pantalla táctil con la que se interactúa primariamente con los dedos o un estilete, sin necesidad de teclado físico ni ratón."},{"title":"Notebook","content":"es un dispositivo informático que se puede mover o transportar con relativa facilidad."}],"elements":["monitor_t2","cañon o proyector_t2","impresora_t2","reproductor de DVD_t2","tablet_t2","notebook_t2"],"validElements":["monitor_t2","cañon o proyector_t2","tablet_t2","notebook_t2"]},{"name":"Elementos auxiliares para el uso de computadoras","description":"Recolectar aquel o aquellos ELEMENTOS AUXILIARES que se pueden asociar al uso de computadoras o impresoras","consigna":"Recolectar aquel o aquellos ELEMENTOS AUXILIARES que se pueden asociar al uso de computadoras o impresoras","code":"elementos auxiliares","extras":[{"title":"Teclado","content":"Dispositivo o periférico de entrada, en parte inspirado en el teclado de las máquinas de escribir, que utiliza un sistema de botones o teclas."},{"title":"Mouse o Ratón","content":"Es un dispositivo apuntador utilizado para facilitar el manejo de un entorno gráfico en una computadora.\n"},{"title":"Cable USB","content":"Conector que permite vincular diferentes elementos a través del USB (Universal Serial Bus). Esta interfaz fue creada en la segunda mitad de la década de 1990."},{"title":"Parlantes","content":"Es un transductor electroacústico utilizado para la reproducción de sonido."},{"title":"Cartucho de tonner","content":"Conjunto sustituible de una impresora que contiene tonner."},{"title":"Tonner","content":"Polvo muy fino que suele ser de color negro. A través de la atracción electrostática o magnetografía, este se sitúa sobre el papel en el que se imprime y se fija con presión y una temperatura adecuadamente (caliente)."},{"title":"Cartucho de tinta","content":"Conjunto sustituible de una impresora que contiene la tinta."},{"title":"Calculadora","content":"Dispositivo que se utiliza para realizar cálculos aritméticos."},{"title":"Celular","content":"Teléfono portátil que puede hacer y/o recibir llamadas a través de una portadora de radiofrecuencia, mientras el usuario se está moviendo dentro de un área de servicio telefónico.\n"}],"elements":["teclado_t3","mouse o ratón_t3","cable USB_t3","parlantes_t3","cartucho de tonner_t3","cartucho de tinta_t3","calculadora_t3","celular_t3"],"validElements":["teclado_t3","mouse o ratón_t3","cable USB_t3","parlantes_t3","cartucho de tonner_t3","cartucho de tinta_t3"]}],"taskToDeposit":[{"name":"Programa E-Basura","description":"Programa E-basura de la UNLP","code":"ebasura"},{"name":"Otros programas","description":"Otros programas que reciclan","code":"otros"}],"elements":[{"Name":"Pendrive o Memoria USB","Description":"Pendrive o Memoria USB","Code":"pendrive o Memoria usb_t1","Deposits":["ebasura"],"ok":true},{"Name":"Disquete","Description":"Disquete","Code":"disquete_t1","Deposits":["ebasura"],"ok":true},{"Name":"Disco externo","Description":"Disco externo","Code":"disco externo_t1","Deposits":["ebasura"],"ok":true},{"Name":"Casette de cinta","Description":"Casette de cinta","Code":"casette de cinta_t1","Deposits":["otros"],"ok":true},{"Name":"Cámara de fotos","Description":"Cámara de fotos","Code":"cámara de fotos-t1","Deposits":["ebasura"],"ok":true},{"Name":"CPU","Description":"CPU","Code":"cpu_t1","Deposits":["ebasura"],"ok":true},{"Name":"Smartphone","Description":"Smartphone","Code":"smartphone_t1","Deposits":["ebasura"],"ok":true},{"Name":"Monitor","Description":"Monitor","Code":"monitor_t2","Deposits":["ebasura"],"ok":true},{"Name":"Cañon o Proyector","Description":"Cañon o Proyector","Code":"cañon o proyector_t2","Deposits":["ebasura"],"ok":true},{"Name":"Impresora","Description":"Impresora","Code":"impresora_t2","Deposits":["ebasura"],"ok":false},{"Name":"Reproductor de DVD","Description":"Reproductor de DVD","Code":"reproductor de DVD_t2","Deposits":["otros"],"ok":false},{"Name":"Tablet","Description":"Tablet","Code":"tablet_t2","Deposits":["ebasura"],"ok":true},{"Name":"Notebook","Description":"Notebook","Code":"notebook_t2","Deposits":["ebasura"],"ok":true},{"Name":"Teclado","Description":"Teclado","Code":"teclado_t3","Deposits":["ebasura"],"ok":true},{"Name":"Mouse o Ratón","Description":"Mouse o Ratón","Code":"mouse o ratón_t3","Deposits":["ebasura"],"ok":true},{"Name":"Cable USB","Description":"Cable USB","Code":"cable USB_t3","Deposits":["ebasura"],"ok":true},{"Name":"Parlantes","Description":"Parlantes","Code":"parlantes_t3","Deposits":["ebasura"],"ok":true},{"Name":"Cartucho de tonner","Description":"Cartucho de tonner","Code":"cartucho de tonner_t3","Deposits":["otros"],"ok":true},{"Name":"Cartucho de tinta","Description":"Cartucho de tinta","Code":"cartucho de tinta_t3","Deposits":["otros"],"ok":true},{"Name":"Calculadora","Description":"Calculadora","Code":"calculadora_t3","Deposits":["ebasura"],"ok":false},{"Name":"Celular","Description":"Celular","Code":"celular_t3","Deposits":["ebasura"],"ok":false}]}